<?xml version="1.0" encoding="UTF-8"?>
<!--
这是 Dism++ 简体中文资源包。
在 XML 中的 5 个特殊符号 需要特殊表示。
  符号    说明                        实体引用
    <     小于                         &lt;
    >     大于                         &gt;
    &     与                           &amp;
    '     单引号                       &apos;
    "     双引号                       &quot;
    \t    制表符                       &#9;
    \n    换行                         &#xA;
    \r    回车                         &#xD;

感谢：mingkuang
-->
<Data>
  <DefaultControl>
    <Font shared="true" id="0" name="Microsoft Yahei" size="12"/>
    <Font shared="true" id="1" name="Microsoft Yahei" size="16"/>
  </DefaultControl>
  <CCleanLangSecRefMap>
    <LangSecRef ID="3021">应用程序</LangSecRef>
    <LangSecRef ID="3022">互联网</LangSecRef>
    <LangSecRef ID="3023">多媒体</LangSecRef>
    <LangSecRef ID="3024">实用工具</LangSecRef>
    <LangSecRef ID="3025">系统相关</LangSecRef>
    <LangSecRef ID="3026">浏览器</LangSecRef>
    <LangSecRef ID="3027">浏览器</LangSecRef>
    <LangSecRef ID="3028">浏览器</LangSecRef>
    <LangSecRef ID="3029">浏览器</LangSecRef>
    <LangSecRef ID="3030">应用程序</LangSecRef>
    <LangSecRef ID="3031">Windows Store</LangSecRef>
  </CCleanLangSecRefMap>
  <StringMaps>
    <String Target="User Appx" Link="用户应用"/>
    <String Target="Provisioned Appx" Link="预装应用"/>
  </StringMaps>
    <MessageTable>
    <x800F0806>一个或者多个更新存在挂起行为，请重启系统然后继续。</x800F0806>
    <x800F081F>Dism++ 找不到安装源，如果你需要开启 NET 3.5 请挂载 ISO 然后继续。</x800F081F>
    <x80073703>操作系统被严重精简，Dism++ 无法继续操作。</x80073703>
    <x800F0830>操作系统被严重精简，请放弃此系统，然后重新开始。</x800F0830>
    <x800F0825>此更新已经被固化。因此无法卸载此程序包。</x800F0825>
    <x800F082E>此更新不支持添加到离线系统，请启动目标系统，进行在线添加。</x800F082E>
    <x800F082F>当前系统存在独占的挂起操作，请启动系统，应用挂起后再进行其他操作。</x800F082F>
    <x000F0801>Dism++ 处于繁忙状态，可能是其他程序正在执行任务，请稍后再试。</x000F0801>
    <x80072EE7>无法连接服务器，请检查网络连接或者防火墙设置是否正确。</x80072EE7>
    <x80072EFF>无法连接服务器，请检查网络连接或者防火墙设置是否正确。</x80072EFF>

    <xA0020001>转换失败，此 ESD 映像由第三方提供，并非 Microsoft 在线安装程序提供，请使用“映像释放”功能安装映像。</xA0020001>
    <xA0020002>已经清理部分，如需完整清理请升级到 Windows 8.1 然后继续。</xA0020002>
    <xA0020003>请升级到 Windows Vista SP2 然后继续。</xA0020003>
    <xA0020004>请升级到 Windows 7 SP1 然后继续。</xA0020004>
    <xA0020005>WIMBoot 与 Compact 不能同时使用。</xA0020005>
    <xA0020006>当前系统不包含 Wow64 支持，无法离线处理非 x64 系统。</xA0020006>
    <xA0020007>指定体系的 CBSHost.dll 不存在，请确保 Dism++ 的完整性。</xA0020007>
    <xA0020008>操作系统丢失 rundll32.exe，Dism++ 无法正常运行。</xA0020008>
    <xA0020009>Dism++ 会话崩溃，如果频繁发生此问题可以联系小鸭子（mingkuang@live.com）协助解决此问题。</xA0020009>
    <xA002000A>Dism++ 发现一些兼容性问题，请先为当前系统安装更新 KB960037，然后继续。</xA002000A>
    
    <x20020001>当前映像不存在默认文件关联配置，无法导出。</x20020001>

    <xC1440136>未加载 wof 驱动程序，请在选项 - 详细设置 中勾选 加载 wofadk驱动程序，然后继续。</xC1440136>
    <xC144013B>未加载 wof 驱动程序，请在选项 - 详细设置 中勾选 加载 wofadk驱动程序，然后继续。</xC144013B>
    
    <!--VSS-->
    <x80042302>Volume Shadow Copy 服务已经被禁用，请将 Volume Shadow Copy 服务设置为手动然后继续。</x80042302>
    
    <xA0010001>不支持重置微软在线账号密码，请通过微软官方网站重置密码。</xA0010001>
    
    <!--WimgAPI Message-->
    <x4144012B>这是一条无需进行任何操作的测试消息。消息代码 %1。</x4144012B>
    <x4144012C>[ 信息 ] %1</x4144012C>
    <x8144012A>接收到无法识别的消息 ID: %1。</x8144012A>
    <x8144012D>[ 警告 ] %1</x8144012D>
    <x81440133>[ 重试 ] %1</x81440133>
    <xC1420100>指定的库不是有效的文件系统容器。</xC1420100>
    <xC1420101>用户尝试使用只读的容器库装入映像进行读/写访问。</xC1420101>
    <xC1420103>用户尝试将映像装入已经存在的目录。不支持此操作。</xC1420103>
    <xC1420104>接收到对未包含在该映像中的文件的提取请求。将不会提取该文件。</xC1420104>
    <xC1420105>接收到对不存在的文件的提取请求。发生这种情况是因为对其他文件系统筛选器执行了错误操作。请确保没有防病毒或备份软件在装载目录上运行。</xC1420105>
    <xC1420106>接收到对已提取的文件的提取请求。将不会处理该请求。</xC1420106>
    <xC1420107>两个不同文件拥有相同的文件 ID 时，会通知该服务。这些文件具有不兼容的标志集。装入操作将会中止。</xC1420107>
    <xC1420108>文件系统容器两次尝试插入文件名。这是无效的，WIM 服务只对每个文件名接收一个通知。</xC1420108>
    <xC1420109>该服务从筛选器接收到一条错误消息。将不会处理此消息。</xC1420109>
    <xC142010A>该服务接收到提取未包含在装入映像中的文件的消息。 将会忽略此提取。</xC142010A>
    <xC142010B>尝试卸载尚未装载的目录。</xC142010B>
    <xC142010C>尝试提交为只读访问而装载的映像。这是无效的。若要提交映像，请在没有只读标志集的情况下将其装载。</xC142010C>
    <xC142010E>已将不存在的装载目录交给提取过程。提取过程要求在其开始前清除映像。</xC142010E>
    <xC142010F>无效句柄已传递到映像管理器。这是一个程序错误。</xC142010F>
    <xC1420110>指定的映像句柄没有用于装载映像，并且无法用于卸载。请使用装载目录的名称调用 WIMUnmountImage 来卸载映像。</xC1420110>
    <xC1420111>找不到与指定的装载数据匹配的映像。</xC1420111>
    <xC1420112>无法卸载映像，是因为装载目录中的文件仍在使用。</xC1420112>
    <xC1420113>用户尝试装入已含有装载映像的目录。不支持此操作。</xC1420113>
    <xC1420114>用户尝试装入非空的目录。不支持此操作。</xC1420114>
    <xC1420115>用户尝试装入不存在的目录。不支持此操作。</xC1420115>
    <xC1420116>将错误的映像句柄传递到 WIMUnmountImageHandle。仅传递到 WIMMountImageHandle 的映像句柄或从 WIMGetMountedImageHandle 中检索到的映像句柄可用于 WIMUnmountImageHandle。</xC1420116>
    <xC1420117>不能完全卸载目录。这通常是由于应用程序仍在装载目录中打开文件。请关闭这些文件并重新卸载来完成卸载过程。</xC1420117>
    <xC1420118>装载的映像已在使用中。请确保它不会被另一个进程装载。</xC1420118>
    <xC1420119>找不到 wimserv.exe 二进制文件。请确保系统搜索路径中提供了该文件。</xC1420119>
    <xC142011A>等待初始化 wimmount 解压缩程序过程时，ImageX 超时。</xC142011A>
    <xC142011B>Wimmount 服务关闭，而没有返回状态。</xC142011B>
    <xC142011C>指定的目录不是有效的装载目录。</xC142011C>
    <xC142011D>无法将指定的装载映像提交回 WIM。这会在映像被部分卸载时或映像仍在装载时发生。如果此映像是在提交后卸载的，则提交可能会成功。请验证情况是否如此，然后再进行卸载而不提交。</xC142011D>
    <xC142011E>指定映像的装载目录已发生更改。将提取该映像中的所有文件，但无法提交此映像。</xC142011E>
    <xC142011F>指定装载路径的卷不支持重分析点。请装入支持重分析点的卷。</xC142011F>
    <xC1420120>指定的目录包含已损坏的装载映像。在该目录上无法执行任何装载操作。</xC1420120>
    <xC1420121>无法装载此映像是因为没有在该机器上安装 wimmount.sys 驱动程序。若要更正此错误，请安装 wimmount.sys 驱动程序。</xC1420121>
    <xC1420122>无法提交装载的映像，因为装载后已对 WIM 中的映像进行修改。</xC1420122>
    <xC1420123>无法重新装载指定的目录，因为它是无效的重新装载目标。该目录之所以无效很可能是因为它已被卸载。</xC1420123>
    <xC1420124>无法重新装载指定的目录，因为装载后已对 WIM 中的映像进行修改。</xC1420124>
    <xC1420125>无法重新装载指定的目录，因为正在卸载该目录。</xC1420125>
    <xC1420126>指定的映像已被装载，并且不能重新装载。</xC1420126>
    <xC1420127>已经在指定 WIM 中装载指定的映像以进行读/写访问。</xC1420127>
    <xC1420128>没有使用正确的访问级别打开指定的映像句柄。若要装载映像句柄，句柄必须具有 WIM_GENERIC_MOUNT 访问权限。</xC1420128>
    <xC1420130>用户尝试装载拆分 WIM。不支持此操作。</xC1420130>
    <xC1420131>用户尝试装入卷的根目录中。不支持此操作。</xC1420131>
    <xC1420132>用于创建此装载目录的 wimgapi 版本与当前版本不匹配。请确保 wimserv.exe、wimmount.sys 和 imagex.exe/wimgapi.dll 的版本匹配。</xC1420132>
    <xC1420134>不支持指定装载路径的驱动器。请装载至固定驱动器上的卷。</xC1420134>
    <xC1420135>装入操作失败。装入时，你必须禁用所有访问指定装入路径下文件的软件(例如，防病毒或搜索索引)。</xC1420135>
    <xC143010D>指定给 WIM 容器包装器的映像索引无效。此包装无法打开映像。</xC143010D>
    <xC1440129>指定的日志文件已存在并且不是 unicode 编码的文本文件。只支持 unicode 编码的文本文件。</xC1440129>
    <xC144012E>[ 错误 ] %1\</xC144012E>
    <xC144012F>[ 警告 ] 文件 %1 的扩展属性被忽略。</xC144012F>
    <xC1440136>不支持的操作。请检查正在运行的操作系统是否包含 wof 驱动程序(wof.sys/wofadk.sys)。</xC1440136>
    <xC1440137>不支持的操作。请检查应用了 WIMBoot 的映像是否与 WIMBoot 兼容。</xC1440137>
    <xC1440138>不支持的操作。请检查应用了 WIMBoot 的映像是否是在本地保存而不是保存到网络共享。</xC1440138>
    <xC1440139>不支持的操作。请检查指定 WIM 文件中包含的现有操作系统映像的格式是否是 WIMBoot 支持的格式。</xC1440139>
    <xC144013A>不支持的操作。请检查指定路径中要捕获的操作系统映像是否受 WIMBoot 支持。</xC144013A>
    <xC144013B>不支持的操作。请检查正在运行的操作系统是否包含 wof 驱动程序(wof.sys)。</xC144013B>
  </MessageTable>
  <UserAgreement>特别提示

    初雨团队在此特别提醒您（用户）在使用 Dism++ 之前，请认真阅读本《用户协议》（以下简称“协议”），确保您充分理解本协议中各条款。请您审慎阅读并选择接受或不接受本协议。除非您接受本协议所有条款，否则您无权使用 Dism++。如果您使用 Dism++ 则将视为接受本协议，并同意接受本协议各项条款的约束。

    本协议约定初雨团队与用户之间关于 Dism++ 软件服务（以下简称“服务”）的权利义务。“用户”是指注册、登录、使用本服务的个人。本协议可由初雨团队随时更新，更新后的协议条款一旦公布即代替原来的协议条款，Dism++ 将在启动程序时显示新的协议条款。在初雨团队修改协议条款后，如果用户不接受修改后的条款，请立即停止使用初雨团队所有相关软件，用户继续使用初雨团队提供的服务将被视为接受修改后的协议。

一、Dism++ 许可

    1、Dism++ 只允许个人用户在个人电脑中使用。您不得在非个人环境（包括但不限于：带有商业利益的、以工作为目的）中使用此软件。除非得到初雨团队的书面许可。
    2、使用 Dism++ 前，您必须认真阅读 Dism++ 帮助文档。除非您无法正常阅读简体中文，比如海外用户等。
    3、Dism++ 用户有义务报告程序 BUG、程序改进意见，有权吐槽 Dism++ 的不足。使用 Dism++ 满 30 天后的用户（包含节假日）需向小鸭子（Email：mingkuang@live.com）邮箱发送一份不少于 345 字的《Dism++体验报告》。满 8 个月的老用户，每年的 11 月 11 日（当地时间）还需要向小鸭子（Email：mingkuang@live.com）邮箱发送不少于 520 字的《年度Dism++改进意见》。
    4、Dism++ 的用户必须爱好和平、团结友爱、助人为乐。己欲立而立人，己欲达而达人。
    5、未经初雨团队许可，任何人不得擅自（包括但不限于：以非法的方式复制、传播、展示、镜像、上载、下载、修改）使用，或通过非常规方式（如：恶意干预初雨团队数据）影响初雨团队的正常服务，任何人不得擅自以软件程序自动获得初雨团队数据。否则，初雨团队将依法追究法律责任。 
    6、盗版用户（未遵守 Dism++ 许可的用户），初雨团队有权禁止您运行所有初雨团队相关软件，不会受理您的任何要求、以及任何技术支持并依法追究法律责任。
    7、正版用户（遵守 Dism++ 许可的用户），初雨团队尽量满足/解决您的问题（提供必要的帮助或技术支持），具体根据问题复杂度、耗时、以及用户投票而决定。

二、用户个人隐私信息保护

    1、Dism++ 运行过程会收集您的系统信息（包括但不限于：系统版本号、系统架构、系统名称、系统语言、处理器型号、内存数量）以及 Dism++ 程序异常运行信息（包括但不限于：程序崩溃dmp、运行日志）以改进 Dism++ 的服务。但不会收集用户身份以及用户联系方式以及其他能标识用户身份的信息。
    2、初雨团队可能会向用户发送测试邀请、软件 BUG 跟进、用户投票邀请信息，但不会向用户发送包括但不限于含广告、推广、欺诈、付费等信息。

三、风险承担

    1、由于初雨团队奉行开放态度，人人都可为 Dism++ 添砖加瓦。某些功能可能导致不可预期的后果，初雨团队会严格排除可能的风险并告知所有已知的风险，但是未必能覆盖所有问题。用户须自行承担 Dism++ 相关功能可能造成的后果，发现问题及时报告给初雨团队，以免其他用户继续掉坑。
    2、用户理解并同意，因软件发展需要，初雨团队保留单方面对本服务的全部或部分服务内容变更、暂停、终止或撤销的权利，用户需承担此风险。

四、知识产权声明

    1、初雨团队在本服务中提供的内容（包括但不限于程序、网页、文字、图片、音频、视频、图表等）的知识产权均归初雨团队所有。
    2、除另有特别声明外，初雨团队提供本服务时所依托软件的著作权、专利权及其他知识产权均归初雨团队所有。
    3、未经初雨团队事先书面同意，用户不得将初雨团队相关程序以任何方式展示或使用或作其他处理，也不得向他人表明用户有权展示、使用、或其他有权处理初雨团队相关程序的行为。
    4、上述及其他任何初雨团队依法拥有的知识产权均受到法律保护，未经初雨团队面许可，用户不得以任何形式进行使用或二次包装、反汇编等其他非法行为。

五、法律责任

    1、如果初雨团队发现或收到他人举报或投诉用户违反本协议约定的，初雨团队有权不经通知随时禁止用户使用初雨团队所有相关程序。
    2、用户理解并同意，初雨团队有权依合理判断对违反有关法律法规或本协议规定的行为进行处罚，对违法违规的任何用户采取适当的法律行动，并依据法律法规保存有关信息向有关部门报告等，用户应承担由此而产生的一切法律责任。
    3、用户理解并同意，因用户违反本协议约定，导致或产生的任何第三方主张的任何索赔、要求或损失，包括合理的律师费，用户应当赔偿初雨团队，并使之免受损害。

六、其他

    1、初雨团队郑重提醒用户注意本协议中免除初雨团队责任和限制用户权利的条款，请用户仔细阅读，自主考虑风险。未成年人应在法定监护人的陪同下阅读本协议。
    2、本协议的效力、解释及纠纷的解决，适用于中华人民共和国法律。若用户和初雨团队之间发生任何纠纷或争议，首先应友好协商解决，协商不成的，用户同意将纠纷或争议提交初雨团队住所地有管辖权的人民法院管辖。
    3、本协议的任何条款无论因何种原因无效或不具可执行性，其余条款仍有效，对双方具有约束力。
    4、其他语言版本协议与简体中文不一致的以最新简体中文用户协议为准。
</UserAgreement>
</Data>
